{
    "accuracy": 0.725564,
    "precision": 0.620981,
    "recall": 0.724282,
    "f1_score": 0.633796,
    "confusion_matrix": [
        [295, 93, 22],
        [8, 60, 4],
        [3, 16, 31]
    ]
}
