{
    "accuracy": 0.778928,
    "precision": 0.58602,
    "recall": 0.440458,
    "f1_score": 0.469666,
    "confusion_matrix": [
        [1568, 59, 28],
        [238, 55, 2],
        [127, 16, 33]
    ]
}
