{
    "accuracy": 0.543233082706767,
    "precision": 0.5457532051282051,
    "recall": 0.6797696476964771,
    "f1_score": 0.5068309014232243,
    "roc_auc": 0.7496402728022188,
    "confusion_matrix": [
        [
            189,
            173,
            48
        ],
        [
            2,
            69,
            1
        ],
        [
            1,
            18,
            31
        ]
    ]
}