{
    "accuracy": 0.6710526315789473,
    "precision": 0.595764031290347,
    "recall": 0.7256413730803976,
    "f1_score": 0.599632027877464,
    "roc_auc": 0.7939543519026063,
    "confusion_matrix": [
        [
            260,
            118,
            32
        ],
        [
            5,
            65,
            2
        ],
        [
            1,
            17,
            32
        ]
    ]
}