{
    "accuracy": 0.7406015037593985,
    "precision": 0.6067790280683835,
    "recall": 0.7193360433604337,
    "f1_score": 0.633513876890972,
    "roc_auc": 0.7941694703640784,
    "confusion_matrix": [
        [
            306,
            71,
            33
        ],
        [
            14,
            57,
            1
        ],
        [
            2,
            17,
            31
        ]
    ]
}