{
    "accuracy": 0.9484851946167129,
    "precision": 0.9203225813069453,
    "recall": 0.9521829651400466,
    "f1_score": 0.931502146487149,
    "roc_auc": 0.969567798786197,
    "confusion_matrix": [
        [
            86132,
            76,
            3402,
            0,
            1408
        ],
        [
            0,
            13349,
            0,
            0,
            548
        ],
        [
            0,
            0,
            13940,
            0,
            0
        ],
        [
            840,
            0,
            710,
            14316,
            12
        ],
        [
            8,
            0,
            663,
            0,
            13427
        ]
    ]
}