{
    "accuracy": 0.8909774436090225,
    "precision": 0.8601288127354478,
    "recall": 0.7673306233062331,
    "f1_score": 0.800130550343965,
    "roc_auc": 0.8315329761815082,
    "confusion_matrix": [
        [
            391,
            19,
            0
        ],
        [
            21,
            51,
            0
        ],
        [
            10,
            8,
            32
        ]
    ]
}