{
    "accuracy": 1,,
    "precision": 0.333333,,
    "recall": 0.333333,,
    "f1_score": 0.333333,,
    "confusion_matrix": [
        [2, 0, 0],
        [0, 0, 0],
        [0, 0, 0]
    ]
}
}
