{
    "accuracy": 0.7631578947368421,
    "precision": 0.6271591861953307,
    "recall": 0.7469105691056911,
    "f1_score": 0.6621351623032923,
    "roc_auc": 0.8123045593236636,
    "confusion_matrix": [
        [
            316,
            62,
            32
        ],
        [
            16,
            54,
            2
        ],
        [
            0,
            14,
            36
        ]
    ]
}